,C10,SVEC,RAW
0,0.4484607,0.3698904,0.18164885
1,0.37512317,0.46387172,0.16100512
2,0.3016732,0.45479625,0.24353047
3,0.20401382,0.38291624,0.41306996
4,0.3415068,0.35296005,0.3055332
5,0.4447406,0.24903618,0.30622324
6,0.2769485,0.39885995,0.32419157
7,0.25663552,0.29272944,0.450635
8,0.38743126,0.5183264,0.094242305
9,0.3031718,0.39214,0.30468816
10,0.3914713,0.23368883,0.3748399
11,0.5112267,0.2926069,0.19616644
12,0.47252822,0.30597717,0.22149462
13,0.40871018,0.43708467,0.15420511
14,0.45695904,0.26431537,0.27872562
15,0.3856737,0.3328936,0.2814327
16,0.2347295,0.42957067,0.33569977
17,0.29021725,0.3725491,0.33723366
18,0.1963148,0.35723287,0.4464523
19,0.3185985,0.19445151,0.48694995
20,0.3882435,0.3282383,0.2835182
21,0.3157508,0.5276624,0.15658681
22,0.2876207,0.2927075,0.41967174
23,0.22566587,0.561725,0.21260913
24,0.30067626,0.56559694,0.1337268
25,0.3059337,0.37086213,0.32320416
26,0.34417334,0.4603744,0.19545226
27,0.32856205,0.34754783,0.3238901
28,0.2759325,0.12911472,0.59495276
29,0.23110835,0.29727608,0.4716155
30,0.31965044,0.3292765,0.35107306
31,0.45992112,0.4156315,0.124447346
32,0.44010875,0.20754807,0.3523432
33,0.42105588,0.2649937,0.3139504
34,0.42999685,0.3833996,0.18660356
35,0.26361394,0.51119,0.2251961
36,0.37486768,0.3547947,0.2703376
37,0.21022885,0.3556647,0.4341065
38,0.35216573,0.40654197,0.24129228
39,0.4687812,0.39546707,0.13575175
40,0.32605013,0.39257842,0.28137144
41,0.3839916,0.5209073,0.09510111
42,0.41126195,0.19352049,0.39521757
43,0.46131027,0.39642823,0.14226145
44,0.2888733,0.22069027,0.49043638
45,0.374236,0.38502803,0.24073595
46,0.4214884,0.43404594,0.1444657
47,0.27772266,0.28156638,0.44071093
48,0.39510095,0.3936861,0.21121302
49,0.29505813,0.32932633,0.37561548
50,0.28017756,0.5012093,0.21861309
51,0.4029614,0.23585714,0.36118147
52,0.39761502,0.42517123,0.17721382
53,0.35667658,0.39857662,0.24474677
54,0.40193358,0.34704176,0.2510247
55,0.28326818,0.1502064,0.5665254
56,0.3600952,0.44489476,0.19501004
57,0.33905804,0.38505876,0.27588323
58,0.3303661,0.3458858,0.3237481
59,0.30352724,0.3659042,0.33056852
60,0.39695904,0.3553417,0.24769929
61,0.2669918,0.42815736,0.30485082
62,0.17803517,0.38863623,0.43332863
63,0.41551536,0.43368453,0.15080011
64,0.33709124,0.13025475,0.53265405
65,0.23501325,0.38164815,0.3833386
66,0.2515625,0.38821906,0.3602184
67,0.3505961,0.4886335,0.16077042
68,0.35696396,0.35047966,0.29255638
69,0.4169036,0.12734953,0.45574692
70,0.38690597,0.32810888,0.28498515
71,0.31295192,0.42522603,0.26182202
72,0.3583251,0.35772365,0.28395128
73,0.38752517,0.36677834,0.24569649
74,0.28148273,0.35326767,0.36524957
75,0.35764596,0.49544388,0.1469101
76,0.36205864,0.30946985,0.32847154
77,0.3905594,0.364714,0.24472667
78,0.44834262,0.18928765,0.3623697
79,0.3911519,0.13312647,0.4757216
80,0.3312802,0.4691058,0.19961403
81,0.23512654,0.38025123,0.38462216
82,0.3807772,0.17586434,0.4433585
83,0.40028614,0.41776302,0.1819508
84,0.33514953,0.38458607,0.28026444
85,0.33006808,0.32249632,0.34743556
86,0.27098256,0.26366374,0.4653537
87,0.38885698,0.40882754,0.20231543
88,0.41832417,0.13454036,0.44713545
89,0.35904658,0.3732703,0.26768312
90,0.43832836,0.36941624,0.19225545
91,0.43407992,0.41853565,0.1473844
92,0.32823917,0.30627483,0.365486
93,0.31177968,0.34909242,0.3391279
94,0.38917163,0.41016808,0.20066035
95,0.370412,0.22734602,0.402242
96,0.27236664,0.6016647,0.1259686
97,0.26255366,0.47361755,0.26382884
98,0.3732513,0.32103476,0.30571392
99,0.4007064,0.15015046,0.4491432
100,0.29544756,0.2383683,0.46618414
101,0.34900358,0.42247382,0.22852263
102,0.39724728,0.14812128,0.45463148
103,0.3515201,0.39409897,0.25438094
104,0.41900328,0.3974512,0.18354553
105,0.35356253,0.30049548,0.34594193
106,0.28664485,0.09784088,0.6155143
107,0.41988054,0.1362843,0.4438351
108,0.23630545,0.29483834,0.46885625
109,0.42571124,0.38966054,0.18462817
110,0.39490893,0.38544855,0.21964253
111,0.28622833,0.5969071,0.11686457
112,0.41442773,0.2812441,0.3043282
113,0.2961164,0.5698477,0.13403592
114,0.4188492,0.39753827,0.18361245
115,0.3017838,0.17588837,0.52232784
116,0.37024873,0.48766962,0.14208157
117,0.16369057,0.37849718,0.45781228
118,0.36573818,0.48308372,0.15117812
119,0.28933504,0.27222508,0.43843988
120,0.25653118,0.3807153,0.36275348
121,0.19798294,0.31907666,0.48294044
122,0.4073268,0.47520044,0.117472775
123,0.40904444,0.2993428,0.2916128
124,0.44219565,0.18289512,0.37490916
125,0.3722875,0.37998658,0.2477259
126,0.31555524,0.34729862,0.33714613
127,0.3794377,0.39003962,0.23052263
128,0.25732076,0.42410728,0.31857195
129,0.17462768,0.22268145,0.6026909
130,0.23289905,0.3684339,0.39866707
131,0.27673882,0.430702,0.29255918
132,0.2649399,0.39368528,0.3413748
133,0.3113416,0.32687837,0.36177996
134,0.33266693,0.2703496,0.39698353
135,0.43853807,0.4140902,0.14737175
136,0.37338632,0.390594,0.23601972
137,0.34978738,0.34867725,0.3015354
138,0.24853857,0.5194607,0.23200075
139,0.3433689,0.29642045,0.3602107
140,0.4165047,0.39402506,0.18947023
141,0.41156957,0.49761266,0.090817764
142,0.34240085,0.54581994,0.111779235
143,0.43227622,0.40043905,0.16728477
144,0.1606519,0.37405515,0.46529293
145,0.35662726,0.31931183,0.32406086
146,0.32874522,0.13306904,0.5381857
147,0.29787412,0.35407525,0.34805062
148,0.36695823,0.24999568,0.3830461
149,0.40045297,0.31734827,0.28219876
150,0.44893596,0.35771042,0.19335362
151,0.27082002,0.19627641,0.5329036
152,0.21716748,0.1554005,0.62743205
153,0.40136236,0.3373714,0.26126626
154,0.27575538,0.37141058,0.35283405
155,0.23881327,0.097436845,0.6637499
156,0.45034814,0.34180194,0.20784986
157,0.38638568,0.47820526,0.13540907
158,0.29484525,0.33056653,0.37458822
159,0.25535563,0.3650872,0.37955713
160,0.357002,0.50000334,0.14299464
161,0.35105607,0.21180952,0.43713444
162,0.35055083,0.40581676,0.24363244
163,0.33094838,0.32248718,0.34656453
164,0.4400365,0.29612932,0.2638342
165,0.18802595,0.37680548,0.43516862
166,0.31197312,0.19832724,0.4896996
167,0.43723506,0.4621806,0.10058432
168,0.34774306,0.34046853,0.31178844
169,0.27182004,0.24330771,0.4848722
170,0.40177536,0.29756597,0.3006587
171,0.47430694,0.3547131,0.17097995
172,0.3903731,0.46015826,0.14946865
173,0.29870862,0.23952194,0.4617695
174,0.36709672,0.2800287,0.35287458
175,0.3927838,0.18636604,0.4208502
176,0.28477433,0.2981705,0.4170551
177,0.27682677,0.3833234,0.3398498
178,0.4284332,0.20538205,0.36618477
179,0.36847246,0.31958595,0.31194162
180,0.2937806,0.3963879,0.30983144
181,0.38845652,0.2957619,0.3157816
182,0.34115937,0.29552582,0.36331478
183,0.26141262,0.29615727,0.44243008
184,0.26617333,0.32950556,0.40432113
185,0.41166,0.29828992,0.2900501
186,0.36086994,0.11752883,0.52160114
187,0.21695033,0.13480848,0.6482412
188,0.2612234,0.2335212,0.5052554
189,0.3736792,0.44999593,0.17632496
190,0.35806566,0.17410791,0.4678265
191,0.2807839,0.5798046,0.13941152
192,0.3950745,0.15964077,0.44528475
193,0.41105947,0.24995631,0.3389842
194,0.32704312,0.3302836,0.3426733
195,0.27506486,0.35365218,0.37128294
196,0.28030303,0.3158302,0.40386683
197,0.3362946,0.2856191,0.37808624
198,0.2681437,0.53277665,0.19907963
199,0.28010038,0.33854735,0.38135228
200,0.39765847,0.4307687,0.17157286
201,0.41217473,0.30627552,0.2815498
202,0.3163801,0.43861508,0.24500486
203,0.48745635,0.25915852,0.2533851
204,0.34763,0.43164784,0.22072214
205,0.33143225,0.2938261,0.3747417
206,0.39676064,0.45672965,0.14650975
207,0.2963232,0.13095175,0.572725
208,0.4090526,0.23945576,0.3514916
209,0.3888274,0.12911552,0.4820571
210,0.36350268,0.28113964,0.35535762
211,0.39007312,0.4971173,0.11280961
212,0.25082445,0.33087334,0.4183022
213,0.3493009,0.25249782,0.39820132
214,0.32865041,0.56245303,0.108896546
215,0.44430387,0.351756,0.20394005
216,0.36263308,0.3175796,0.31978735
217,0.3830473,0.4683937,0.14855896
218,0.38709393,0.51898694,0.0939191
219,0.27161455,0.17726387,0.5511216
220,0.17851512,0.14893934,0.67254555
221,0.30685025,0.39330012,0.29984963
222,0.41785803,0.23522191,0.34692007
223,0.3269155,0.27895376,0.3941307
224,0.2412316,0.29710552,0.46166295
225,0.30341274,0.3373464,0.35924083
226,0.25775504,0.39918584,0.34305915
227,0.29910356,0.35767263,0.34322384
228,0.37518108,0.19074458,0.43407437
229,0.37411782,0.28990373,0.3359785
230,0.47057018,0.39152992,0.13789992
231,0.2926293,0.3671573,0.34021345
232,0.44351068,0.25062758,0.3058617
233,0.34612837,0.33740038,0.31647128
234,0.40148115,0.09941879,0.49910003
235,0.30361587,0.32988513,0.36649898
236,0.31288108,0.5969964,0.09012247
237,0.29620248,0.17541662,0.52838093
238,0.44088143,0.31912866,0.23998988
239,0.31444573,0.30787623,0.3776781
240,0.3397602,0.3116235,0.34861627
241,0.26003218,0.27468035,0.4652875
242,0.40318698,0.50638354,0.09042945
243,0.31073818,0.103602424,0.58565944
244,0.4167459,0.17531419,0.40793988
245,0.33981603,0.20343222,0.45675176
246,0.21349537,0.27776596,0.50873864
247,0.22861493,0.3544734,0.41691163
248,0.38666567,0.35307476,0.2602596
249,0.22356108,0.33921286,0.43722603
250,0.3137325,0.55252254,0.13374493
251,0.37128353,0.39928567,0.22943081
252,0.3612498,0.31163615,0.32711402
253,0.4514149,0.34914464,0.1994405
254,0.39744547,0.3267867,0.27576786
255,0.29285228,0.31946975,0.387678
256,0.36610812,0.32316005,0.3107318
257,0.26908055,0.24208874,0.48883066
258,0.46104917,0.18330681,0.355644
259,0.38867044,0.3951015,0.21622808
260,0.4069585,0.48422158,0.108819954
261,0.41896203,0.17268531,0.40835264
262,0.28955942,0.35559544,0.35484514
263,0.34036383,0.33101296,0.3286232
264,0.38038334,0.25463086,0.36498582
265,0.19866739,0.2864115,0.5149211
266,0.38077423,0.34148273,0.27774304
267,0.2711615,0.37724295,0.35159555
268,0.29834664,0.3837339,0.31791943
269,0.30426168,0.36246327,0.33327502
270,0.26167357,0.35088307,0.3874433
271,0.3463491,0.12664472,0.5270062
272,0.22322476,0.29363534,0.48313987
273,0.40664902,0.2713451,0.3220059
274,0.3464832,0.29132295,0.36219382
275,0.3655794,0.32025635,0.31416428
276,0.34546345,0.33411276,0.3204238
277,0.43338725,0.3305982,0.23601452
278,0.27863348,0.42177823,0.2995883
279,0.2461711,0.4610407,0.2927882
280,0.39803272,0.29145324,0.310514
281,0.27391997,0.39906535,0.3270147
282,0.31663194,0.5469647,0.13640341
283,0.35296026,0.25461948,0.39242026
284,0.31921303,0.34274712,0.33803985
285,0.33451265,0.33820137,0.32728598
286,0.35859385,0.32752892,0.31387728
287,0.2396985,0.38816246,0.37213904
288,0.34316823,0.17620203,0.4806298
289,0.34154958,0.32713297,0.33131745
290,0.36885947,0.31966114,0.3114793
291,0.41668564,0.29893085,0.28438348
292,0.18033807,0.5462217,0.27344024
293,0.28324872,0.37429723,0.34245408
294,0.37240607,0.35539222,0.27220175
295,0.468228,0.3278359,0.2039361
296,0.3561762,0.30899587,0.3348279
297,0.26231766,0.36110538,0.37657696
298,0.37713507,0.52188146,0.10098349
299,0.39919108,0.18748382,0.4133251
300,0.25850952,0.33902028,0.40247026
301,0.3350856,0.4040688,0.26084563
302,0.46393412,0.39192516,0.14414078
303,0.31304634,0.4644338,0.22251987
304,0.34025738,0.18213215,0.47761047
305,0.40753773,0.53117716,0.061285075
306,0.35746336,0.24166413,0.40087253
307,0.33580226,0.26469326,0.39950448
308,0.34967318,0.16563638,0.48469037
309,0.41589883,0.35445058,0.2296506
310,0.38642937,0.42025822,0.19331235
311,0.45795354,0.2958523,0.2461942
312,0.41393214,0.30487505,0.28119284
313,0.4615736,0.37207088,0.16635558
314,0.3532232,0.4152949,0.23148188
315,0.35470676,0.39481702,0.25047615
316,0.44360653,0.36678812,0.18960539
317,0.20756382,0.3957694,0.3966668
318,0.26436695,0.3228413,0.4127918
319,0.26701698,0.48900044,0.24398258
320,0.34903723,0.550958,0.100004815
321,0.39153668,0.42248118,0.18598217
322,0.32203305,0.44177485,0.23619217
323,0.319689,0.3685866,0.3117244
324,0.39449537,0.276633,0.32887164
325,0.3860242,0.4078366,0.20613925
326,0.3770493,0.12993096,0.4930197
327,0.30861935,0.091175094,0.6002056
328,0.30232576,0.28527042,0.41240382
329,0.40515286,0.44390976,0.15093735
330,0.42905053,0.40084162,0.17010783
331,0.35006857,0.2560932,0.39383817
332,0.43505132,0.44521627,0.11973239
333,0.31050456,0.40969273,0.27980265
334,0.43467933,0.40888786,0.15643282
335,0.3892975,0.40980178,0.20090076
336,0.38249555,0.39013225,0.22737215
337,0.2248877,0.10876506,0.66634727
338,0.45071366,0.34389287,0.20539346
339,0.3492001,0.5113843,0.13941556
340,0.4265938,0.3678833,0.20552285
341,0.35810024,0.3589874,0.2829124
342,0.3945837,0.33691138,0.26850486
343,0.41168916,0.37734467,0.21096623
344,0.30363494,0.5839088,0.112456284
345,0.3833269,0.22726563,0.3894075
346,0.21356231,0.28636694,0.50007075
347,0.22020487,0.36240783,0.41738728
348,0.3228378,0.21986209,0.45730007
349,0.30389747,0.29597545,0.4001271
350,0.2830094,0.33795077,0.37903988
351,0.38085628,0.16493045,0.45421323
352,0.37872836,0.27582335,0.34544832
353,0.3474197,0.3823531,0.27022722
354,0.43689898,0.22914326,0.33395773
355,0.35704267,0.4034557,0.23950166
356,0.38561454,0.3375586,0.27682686
357,0.42068025,0.41287878,0.166441
358,0.38404575,0.2114583,0.40449595
359,0.39613897,0.35488102,0.24898008
360,0.36664355,0.19697292,0.43638352
361,0.31095555,0.18774468,0.5012998
362,0.18342084,0.41916788,0.3974113
363,0.38552982,0.4743709,0.14009935
364,0.22143263,0.21056652,0.56800085
365,0.30816793,0.3447743,0.34705782
366,0.26925245,0.52348983,0.2072577
367,0.38701457,0.18446977,0.42851567
368,0.36310244,0.39404222,0.24285533
369,0.32478416,0.40348512,0.2717307
370,0.3053226,0.16862743,0.52605
371,0.29669347,0.38809663,0.31520987
372,0.31167927,0.5483151,0.14000565
373,0.38033235,0.22116037,0.3985073
374,0.27426016,0.34466296,0.38107684
375,0.38893113,0.29516602,0.31590283
376,0.3083305,0.12450959,0.56715995
377,0.3447622,0.42138425,0.23385356
378,0.36954606,0.19094428,0.43950966
379,0.36018988,0.41244563,0.22736444
380,0.4769226,0.2990063,0.22407107
381,0.5081805,0.32532328,0.16649623
382,0.43727943,0.39027074,0.1724498
383,0.33754396,0.22635311,0.43610296
384,0.36163577,0.22701028,0.411354
385,0.27818072,0.34416035,0.37765896
386,0.31934243,0.24194226,0.4387153
387,0.40308985,0.1976657,0.39924443
388,0.3207392,0.37698174,0.30227903
389,0.30507755,0.39765772,0.2972647
390,0.37734848,0.47489166,0.14775991
391,0.35271797,0.39180982,0.2554722
392,0.3240339,0.19244812,0.483518
393,0.29334357,0.15623775,0.5504186
394,0.4416918,0.2148357,0.34347254
395,0.38784897,0.49458012,0.11757092
396,0.29329458,0.41578513,0.29092032
397,0.38676757,0.33406004,0.27917236
398,0.39014792,0.43063682,0.17921527
399,0.42806906,0.31067443,0.26125646
400,0.39109048,0.43837455,0.17053495
401,0.21546666,0.1976286,0.5869047
402,0.18709597,0.39297977,0.41992432
403,0.4379902,0.44890025,0.113109596
404,0.29748574,0.47717682,0.22533748
405,0.2884391,0.39453754,0.31702343
406,0.36088935,0.42269903,0.21641162
407,0.30077842,0.35266793,0.34655362
408,0.31186625,0.32733336,0.36080042
409,0.37211892,0.12416371,0.50371736
410,0.33460867,0.312133,0.35325834
411,0.41249695,0.41257164,0.17493142
412,0.30291831,0.37890416,0.31817752
413,0.4202202,0.28584483,0.29393497
414,0.41184646,0.36143866,0.22671483
415,0.38581082,0.35870898,0.2554802
416,0.3513661,0.3385791,0.31005478
417,0.33877638,0.40283835,0.25838527
418,0.45615855,0.4028523,0.14098915
419,0.38249424,0.3118731,0.3056327
420,0.36473674,0.5241828,0.1110805
421,0.22073895,0.38378665,0.39547446
422,0.22354282,0.38119048,0.3952667
423,0.26953676,0.3481911,0.38227212
424,0.46237883,0.3105995,0.22702171
425,0.41074938,0.2727624,0.31648824
426,0.27137342,0.3647021,0.36392453
427,0.16833453,0.2928664,0.53879905
428,0.386012,0.26315957,0.35082844
429,0.40130314,0.35733324,0.24136357
430,0.42925176,0.19581577,0.37493247
431,0.32380047,0.29930365,0.37689584
432,0.18697384,0.28759345,0.5254327
433,0.48134068,0.34406346,0.17459588
434,0.29745144,0.13933213,0.56321645
435,0.41947043,0.41095245,0.1695772
436,0.3386196,0.33769086,0.3236896
437,0.34589487,0.26718816,0.386917
438,0.29930657,0.30448192,0.3962115
439,0.40211445,0.15548544,0.44240013
440,0.17778514,0.33006993,0.49214485
441,0.3165515,0.2867261,0.39672232
442,0.42876878,0.25953147,0.31169978
443,0.31643042,0.36751917,0.31605038
444,0.20598865,0.30670306,0.48730835
445,0.4073325,0.42866662,0.16400085
446,0.3732496,0.46003315,0.16671728
447,0.32052207,0.5309694,0.14850856
448,0.4116203,0.19441023,0.39396954
449,0.36666793,0.31984892,0.31348315
450,0.3184949,0.31597608,0.36552897
451,0.2117496,0.295651,0.49259934
452,0.46485227,0.32177597,0.21337175
453,0.27147466,0.2675169,0.46100837
454,0.4108041,0.36834717,0.22084874
455,0.28361946,0.21131411,0.50506645
456,0.36132675,0.37783745,0.26083583
457,0.26303712,0.28897777,0.4479851
458,0.34443063,0.48508692,0.17048249
459,0.3776498,0.41439477,0.20795542
460,0.4094832,0.16013837,0.4303785
461,0.4010645,0.24592224,0.35301328
462,0.4635529,0.29989326,0.23655385
463,0.41681388,0.3240778,0.25910825
464,0.43087044,0.25655472,0.31257486
465,0.38635144,0.53649354,0.07715501
466,0.4100344,0.34963632,0.24032936
467,0.39515835,0.35276103,0.2520806
468,0.35190576,0.266913,0.38118118
469,0.20711093,0.28480932,0.50807977
470,0.3421092,0.25775698,0.40013382
471,0.29919606,0.37954295,0.32126102
472,0.35803849,0.20173633,0.44022524
473,0.41658393,0.29131234,0.29210374
474,0.3923159,0.44508594,0.1625982
475,0.21946503,0.37825987,0.40227506
476,0.28516555,0.2933457,0.42148873
477,0.39681166,0.50682944,0.096358865
478,0.34665287,0.24243028,0.4109169
479,0.21066718,0.17314503,0.6161878
480,0.34543204,0.25497472,0.39959323
481,0.3179617,0.34630722,0.3357311
482,0.28259024,0.27515185,0.442258
483,0.36101684,0.2059301,0.43305308
484,0.2763993,0.3990756,0.32452512
485,0.21591431,0.4111747,0.372911
486,0.33855447,0.53674555,0.124700025
487,0.3111792,0.13579023,0.5530305
488,0.21997525,0.42643163,0.35359317
489,0.32045528,0.541405,0.13813972
490,0.29896852,0.56514823,0.13588327
491,0.4242412,0.43233857,0.14342031
492,0.30059984,0.3729929,0.32640722
493,0.42566654,0.3004179,0.27391553
494,0.35992828,0.52957773,0.11049395
495,0.4823381,0.30331707,0.21434484
496,0.27543738,0.45928118,0.2652814
497,0.40884602,0.3123726,0.27878138
498,0.3450941,0.2999814,0.3549245
499,0.27245474,0.42489272,0.30265248
500,0.38148654,0.46190608,0.15660743
501,0.32490534,0.36016053,0.3149341
502,0.20156722,0.13902812,0.6594047
503,0.3539247,0.20559047,0.44048488
504,0.15069045,0.34614474,0.50316477
505,0.347834,0.15461946,0.49754655
506,0.4335277,0.45123875,0.11523356
507,0.32208714,0.32098764,0.35692522
508,0.4390054,0.45487645,0.10611808
509,0.35422635,0.41276678,0.23300688
510,0.43084866,0.3211906,0.2479607
511,0.36079922,0.32120207,0.3179987
512,0.4764037,0.34357506,0.18002118
513,0.3273471,0.49533316,0.17731968
514,0.3012213,0.2938941,0.4048846
515,0.29838592,0.3334168,0.36819732
516,0.3193879,0.2776033,0.40300885
517,0.32319993,0.27130583,0.40549424
518,0.19069476,0.2513897,0.5579155
519,0.35777497,0.20697725,0.43524778
520,0.4204323,0.3621265,0.21744123
521,0.29682016,0.5798736,0.12330619
522,0.40179506,0.28857687,0.3096281
523,0.20352066,0.23616423,0.56031513
524,0.39211884,0.21093471,0.3969465
525,0.3956417,0.4036401,0.20071813
526,0.36718795,0.48653054,0.14628157
527,0.25976828,0.14985026,0.59038144
528,0.34490052,0.3375108,0.3175887
529,0.22746125,0.32937035,0.4431684
530,0.3776281,0.44010097,0.1822709
531,0.46727753,0.22677645,0.30594596
532,0.26329154,0.46923557,0.26747286
533,0.45757937,0.43677223,0.10564838
534,0.38318107,0.34081283,0.27600613
535,0.38931695,0.20298207,0.40770102
536,0.3607509,0.32839108,0.310858
537,0.429634,0.302686,0.26768
538,0.4215811,0.35616446,0.22225448
539,0.4869587,0.30733693,0.20570438
540,0.30097553,0.38914478,0.3098797
541,0.3672522,0.3443371,0.28841072
542,0.38529134,0.37119433,0.24351436
543,0.4043723,0.19460095,0.40102676
544,0.46569216,0.33269766,0.20161009
545,0.28812176,0.5361289,0.17574933
546,0.422946,0.43011272,0.14694127
547,0.3682559,0.13214028,0.49960378
548,0.34226754,0.33006752,0.3276649
549,0.35288948,0.34259814,0.30451238
550,0.2383091,0.14910437,0.61258656
551,0.4159975,0.38224742,0.20175512
552,0.32617497,0.5221641,0.1516609
553,0.20454688,0.49301147,0.3024417
554,0.25006202,0.3845822,0.36535585
555,0.39364204,0.30159536,0.30476254
556,0.4135359,0.446976,0.13948806
557,0.32955438,0.29764423,0.37280145
558,0.31396282,0.21047804,0.47555912
559,0.25717098,0.3716004,0.37122867
560,0.39356533,0.22370374,0.382731
561,0.3862,0.4090659,0.20473407
562,0.24589297,0.108590096,0.64551693
563,0.2893308,0.28906468,0.42160454
564,0.35858783,0.2819666,0.35944554
565,0.27270588,0.23201552,0.4952786
566,0.38439,0.3612108,0.2543992
567,0.21387894,0.16715115,0.6189699
568,0.387374,0.42454988,0.18807608
569,0.21232313,0.39802602,0.38965088
570,0.41627464,0.39167383,0.19205157
571,0.24519578,0.63983136,0.1149729
572,0.33840898,0.35568875,0.30590227
573,0.33152387,0.1466357,0.5218404
574,0.24558043,0.41964048,0.33477914
575,0.37408203,0.50004685,0.12587112
576,0.20073049,0.27434468,0.5249249
577,0.38374466,0.19256653,0.4236889
578,0.44780427,0.30393842,0.24825735
579,0.3914188,0.20350096,0.4050802
580,0.35388672,0.43251038,0.21360293
581,0.41249093,0.14763628,0.43987277
582,0.25375968,0.1517871,0.5944532
583,0.4080188,0.45878357,0.13319765
584,0.4176609,0.3915374,0.19080172
585,0.28524315,0.37618443,0.33857238
586,0.23935582,0.4064183,0.35422587
587,0.20885432,0.26008072,0.5310649
588,0.32609352,0.2974875,0.37641892
589,0.36769098,0.30878606,0.32352293
590,0.39901835,0.20834076,0.39264092
591,0.39740065,0.16549645,0.4371029
592,0.29321444,0.22617437,0.48061115
593,0.22792034,0.13460301,0.6374767
594,0.4042034,0.27680868,0.318988
595,0.27515942,0.31077686,0.4140637
596,0.2559374,0.23674479,0.5073178
597,0.26073167,0.16331,0.57595825
598,0.33419555,0.5107878,0.15501665
599,0.35196793,0.3017683,0.34626374
600,0.2755272,0.38865146,0.33582136
601,0.27620837,0.3431946,0.38059703
602,0.3670249,0.39141843,0.24155664
603,0.28796577,0.16643462,0.54559964
604,0.33765548,0.39233828,0.27000624
605,0.36751625,0.26398554,0.36849818
606,0.28185493,0.38183346,0.33631155
607,0.19590853,0.3552884,0.44880304
608,0.24080853,0.29917866,0.46001282
609,0.42168477,0.46071315,0.117602006
610,0.3550361,0.37163717,0.27332675
611,0.3850117,0.3687108,0.24627757
612,0.34505537,0.30348277,0.35146183
613,0.34084672,0.484105,0.17504828
614,0.3485772,0.33190113,0.31952167
615,0.3390302,0.31248987,0.34847996
616,0.31238455,0.371341,0.31627443
617,0.3353271,0.13988112,0.5247917
618,0.4188966,0.382889,0.19821441
619,0.3063834,0.57858473,0.11503186
620,0.33918214,0.4836122,0.17720571
621,0.2615775,0.3695614,0.36886108
622,0.32190767,0.18493219,0.49316022
623,0.24798554,0.5480338,0.20398068
624,0.409125,0.45914578,0.13172923
625,0.29297343,0.3659512,0.34107536
626,0.3506897,0.22284421,0.42646608
627,0.40995452,0.33861881,0.25142673
628,0.3321891,0.3620741,0.30573675
629,0.35923854,0.34456435,0.29619706
630,0.4424427,0.40389505,0.15366225
631,0.37845236,0.16821034,0.45333722
632,0.2536365,0.40279326,0.34357026
633,0.24612176,0.18569732,0.5681809
634,0.35993087,0.32674143,0.31332764
635,0.20232351,0.24064822,0.55702823
636,0.2893208,0.39056835,0.32011083
637,0.42435178,0.29990843,0.27573976
638,0.28808552,0.28237584,0.42953864
639,0.32591128,0.41132665,0.26276204
640,0.39483723,0.44905713,0.15610565
641,0.3701878,0.33722824,0.29258397
642,0.39231834,0.40743044,0.20025124
643,0.23905864,0.339886,0.42105538
644,0.35953474,0.27933863,0.36112666
645,0.2577874,0.40713608,0.33507654
646,0.371593,0.22957945,0.39882752
647,0.2990021,0.20384029,0.49715754
648,0.3741541,0.3913044,0.23454149
649,0.37700436,0.5101701,0.11282553
650,0.34266526,0.1698245,0.4875103
651,0.3650428,0.34322146,0.29173568
652,0.39673236,0.50081503,0.102452606
653,0.26321295,0.3256675,0.41111955
654,0.41264474,0.47389024,0.11346498
655,0.25363436,0.19139852,0.55496705
656,0.37459683,0.14139463,0.48400855
657,0.36294487,0.35967144,0.2773837
658,0.40982303,0.35640803,0.23376895
659,0.26584908,0.62443745,0.109713495
660,0.43642783,0.45346254,0.11010963
661,0.4362003,0.46331453,0.100485116
662,0.19588773,0.16551134,0.63860095
663,0.33513674,0.12680794,0.5380553
664,0.32138792,0.34913677,0.3294753
665,0.38314056,0.23544331,0.38141617
666,0.49020526,0.2380407,0.27175406
667,0.3972369,0.40427276,0.19849032
668,0.43731454,0.42139772,0.14128774
669,0.33855328,0.34491748,0.3165292
670,0.4006368,0.496064,0.10329923
671,0.41593236,0.36669984,0.21736781
672,0.32558575,0.27454332,0.39987087
673,0.3548021,0.28831807,0.3568798
674,0.39705482,0.25880527,0.3441399
675,0.4461818,0.24046013,0.31335804
676,0.48878908,0.3085504,0.20266052
677,0.3758089,0.28115147,0.34303954
678,0.359884,0.31793362,0.3221824
679,0.29029405,0.45318854,0.25651738
680,0.27617756,0.4168878,0.30693462
681,0.2393349,0.3526316,0.40803352
682,0.4069225,0.29198986,0.30108762
683,0.2701733,0.6044696,0.12535706
684,0.31927627,0.30441543,0.3763083
685,0.35675508,0.31659272,0.32665223
686,0.3908251,0.15917687,0.4499981
687,0.26397747,0.3667852,0.36923733
688,0.40815964,0.34071872,0.2511216
689,0.45245916,0.23648271,0.31105816
690,0.4429434,0.32884547,0.22821118
691,0.3439354,0.2179509,0.43811372
692,0.19065912,0.20185834,0.6074826
693,0.41285503,0.500731,0.086413935
694,0.413979,0.29938686,0.2866341
695,0.48227918,0.30171192,0.21600887
696,0.35463783,0.27197966,0.3733825
697,0.37292886,0.45418262,0.17288852
698,0.2735851,0.3480533,0.37836158
699,0.27386165,0.59901875,0.12711963
700,0.45510826,0.30080625,0.24408552
701,0.36133802,0.49025142,0.14841062
702,0.39178875,0.2862598,0.32195148
703,0.3715665,0.44123602,0.18719742
704,0.25266594,0.18531217,0.562022
705,0.41284242,0.3477149,0.23944269
706,0.33635417,0.34967738,0.31396842
707,0.2650181,0.36533743,0.36964443
708,0.37472668,0.27155316,0.3537202
709,0.44982922,0.21931657,0.33085415
710,0.41301534,0.2252545,0.36173022
711,0.32071844,0.31862727,0.36065435
712,0.40615916,0.30411023,0.28973067
713,0.28514326,0.45106828,0.2637885
714,0.43927854,0.3679538,0.19276768
715,0.32315615,0.34353298,0.33331087
716,0.38647613,0.39776054,0.21576333
717,0.34357592,0.3214552,0.33496886
718,0.26847488,0.3171788,0.4143464
719,0.40486947,0.22046216,0.37466836
720,0.27620316,0.31541404,0.40838283
721,0.31497303,0.2515566,0.43347043
722,0.40574938,0.46379843,0.13045222
723,0.30113474,0.32119343,0.37767187
724,0.24432848,0.3346385,0.42103302
725,0.5086955,0.27436906,0.21693543
726,0.4107991,0.22680187,0.36239907
727,0.36522672,0.40127128,0.233502
728,0.37477136,0.33426923,0.29095936
729,0.25185907,0.14153124,0.60660976
730,0.3808932,0.2786272,0.3404796
731,0.34030348,0.4050175,0.25467902
732,0.40141475,0.23484963,0.3637356
733,0.37190095,0.3860408,0.24205829
734,0.32634157,0.40702832,0.26663014
735,0.45653656,0.4377705,0.10569297
736,0.4385768,0.34463176,0.21679142
737,0.47968295,0.3475579,0.17275919
738,0.31966347,0.42300305,0.2573335
739,0.36469063,0.35416147,0.2811479
740,0.27560115,0.40159085,0.322808
741,0.3867157,0.3996743,0.21361002
742,0.28965774,0.2891462,0.42119604
743,0.3975875,0.35554287,0.24686958
744,0.34761843,0.29160866,0.36077288
745,0.45286232,0.45688888,0.09024882
746,0.38810635,0.31633478,0.29555893
747,0.34239152,0.2934875,0.36412102
748,0.42510223,0.40560198,0.16929579
749,0.5132598,0.24045181,0.24628834
750,0.25822905,0.3267388,0.41503215
751,0.28393,0.2968704,0.41919962
752,0.29792953,0.18878102,0.51328945
753,0.28737798,0.100886144,0.6117359
754,0.37745243,0.2527785,0.36976907
755,0.18169937,0.35446608,0.46383452
756,0.35510752,0.336435,0.30845752
757,0.37235758,0.32731706,0.30032536
758,0.20460674,0.3939818,0.40141135
759,0.4361211,0.3787413,0.18513766
760,0.36292407,0.35534582,0.28173012
761,0.3039479,0.33556694,0.36048514
762,0.32946238,0.34709695,0.32344064
763,0.28861377,0.39669275,0.31469348
764,0.413598,0.1781478,0.40825415
765,0.3905151,0.39818946,0.21129544
766,0.24047981,0.39986554,0.3596546
767,0.19933753,0.40056965,0.40009284
768,0.42219234,0.3894869,0.18832076
769,0.33835322,0.47071397,0.19093281
770,0.2986542,0.3803893,0.3209565
771,0.43339163,0.3539943,0.21261407
772,0.3895542,0.43097532,0.17947051
773,0.3165332,0.43129444,0.25217232
774,0.21862936,0.34856215,0.43280852
775,0.18871087,0.3449645,0.46632457
776,0.41879424,0.29072976,0.29047593
777,0.290467,0.43720978,0.2723232
778,0.36790606,0.30909705,0.3229969
779,0.18153673,0.2198473,0.59861594
780,0.40093362,0.4947197,0.10434668
781,0.34535795,0.27561864,0.37902337
782,0.3695393,0.41624665,0.21421404
783,0.39600623,0.4656047,0.13838914
784,0.293317,0.20859185,0.49809113
785,0.25932744,0.4070658,0.33360675
786,0.41338035,0.44103745,0.1455822
787,0.45073056,0.38084745,0.16842191
788,0.20739293,0.13067052,0.6619365
789,0.37957087,0.29170668,0.32872248
790,0.3850216,0.3746166,0.24036182
791,0.27688578,0.23155677,0.49155745
792,0.3393336,0.35435542,0.30631095
793,0.3927239,0.27424183,0.33303425
794,0.37763014,0.28472364,0.33764625
795,0.26812482,0.14218374,0.58969146
796,0.32911962,0.2557399,0.4151405
797,0.3832406,0.17894042,0.437819
798,0.24729839,0.19098896,0.5617126
799,0.4335758,0.2562396,0.31018454
800,0.29406902,0.3782012,0.32772976
801,0.37712386,0.40491012,0.21796604
802,0.22935103,0.37328237,0.39736658
803,0.43017676,0.4343938,0.13542946
804,0.40800583,0.43944547,0.15254872
805,0.23216495,0.41391042,0.3539246
806,0.3223249,0.41729945,0.26037562
807,0.46215457,0.41412213,0.1237233
808,0.27643436,0.112595975,0.6109696
809,0.41626537,0.32740045,0.25633422
810,0.342522,0.39857003,0.258908
811,0.32954666,0.32411534,0.346338
812,0.22860417,0.55399793,0.21739791
813,0.19659817,0.105457306,0.6979445
814,0.16681765,0.14430343,0.6888789
815,0.28819883,0.43361714,0.27818406
816,0.28373522,0.37109622,0.3451686
817,0.33599916,0.28737134,0.37662953
818,0.3400222,0.46680328,0.1931745
819,0.35193142,0.31684557,0.33122298
820,0.301615,0.28958377,0.4088012
821,0.26607192,0.26976684,0.46416125
822,0.3266244,0.26901436,0.40436122
823,0.4354226,0.41143778,0.1531396
824,0.3743845,0.15975213,0.46586338
825,0.43076313,0.4287367,0.14050014
826,0.28799042,0.3818932,0.33011642
827,0.43016222,0.36212713,0.20771061
828,0.3426813,0.29734364,0.35997504
829,0.47092062,0.44401777,0.08506159
830,0.2078127,0.21121617,0.5809711
831,0.38820133,0.35413468,0.25766402
832,0.2464192,0.40696695,0.3466138
833,0.49208295,0.3103265,0.19759059
834,0.28630102,0.4890485,0.22465043
835,0.35033143,0.5079148,0.1417538
836,0.33211797,0.45935732,0.20852473
837,0.39978334,0.411265,0.18895164
838,0.40930966,0.29125124,0.29943913
839,0.4284081,0.17542061,0.39617136
840,0.42229798,0.41700587,0.16069616
841,0.37805408,0.39041364,0.2315323
842,0.16459678,0.18608774,0.6493154
843,0.2817239,0.33141157,0.38686454
844,0.318107,0.2818551,0.40003788
845,0.40338543,0.4160444,0.18057013
846,0.48997208,0.37698585,0.13304213
847,0.40695423,0.41985375,0.17319205
848,0.33899614,0.275837,0.38516688
849,0.43399307,0.43718624,0.12882066
850,0.2814899,0.37851086,0.33999923
851,0.28572458,0.33335394,0.3809215
852,0.3040803,0.35523653,0.3406832
853,0.2595293,0.36282724,0.37764347
854,0.42218354,0.4076414,0.17017505
855,0.36960077,0.29259187,0.3378074
856,0.4054406,0.2044172,0.39014214
857,0.31383592,0.29637086,0.38979322
858,0.40235734,0.20606884,0.39157385
859,0.3652434,0.14347894,0.49127764
860,0.22619085,0.40122545,0.37258375
861,0.39700803,0.31532457,0.28766742
862,0.3921465,0.29982108,0.30803242
863,0.2819875,0.503529,0.21448347
864,0.42446515,0.2079508,0.36758408
865,0.41461006,0.20926401,0.37612596
866,0.36183098,0.27178875,0.3663802
867,0.37984627,0.45814893,0.16200471
868,0.30475444,0.2686227,0.42662293
869,0.26204944,0.44848526,0.28946525
870,0.38295922,0.42685902,0.19018169
871,0.2871516,0.38449216,0.3283562
872,0.326292,0.1332271,0.54048085
873,0.3146965,0.26303548,0.422268
874,0.27749437,0.52724564,0.19526002
875,0.30098414,0.24869476,0.45032108
876,0.2771121,0.2360007,0.48688722
877,0.22813715,0.41874087,0.35312203
878,0.3592244,0.4576988,0.18307681
879,0.40215588,0.3197319,0.2781122
880,0.17398684,0.38099,0.44502324
881,0.3615403,0.33900914,0.29945052
882,0.24177703,0.52543354,0.23278946
883,0.38371935,0.393504,0.22277664
884,0.40090537,0.229313,0.36978164
885,0.34036866,0.36739963,0.29223168
886,0.37136993,0.48369956,0.14493048
887,0.42603606,0.18612781,0.38783613
888,0.22568473,0.32660592,0.44770938
889,0.33935255,0.35695744,0.30369008
890,0.39730495,0.34400937,0.2586856
891,0.32374287,0.39444038,0.28181678
892,0.23912756,0.33072504,0.43014744
893,0.20847972,0.45060444,0.34091583
894,0.41678265,0.4273039,0.15591353
895,0.39233527,0.23092705,0.37673768
896,0.33621767,0.29888362,0.3648987
897,0.25689036,0.33002925,0.41308045
898,0.41548932,0.46284896,0.12166166
899,0.22002932,0.13138627,0.64858437
900,0.4040989,0.23761031,0.35829076
901,0.22788382,0.4237431,0.3483731
902,0.3095989,0.41023624,0.2801649
903,0.37542468,0.17060997,0.45396537
904,0.40780675,0.2502076,0.34198564
905,0.33997142,0.4928356,0.16719289
906,0.4311923,0.45183432,0.11697335
907,0.365062,0.29851148,0.3364266
908,0.30765182,0.35512626,0.33722192
909,0.3058369,0.55550706,0.13865608
910,0.27735892,0.5428941,0.17974696
911,0.28617197,0.40758342,0.30624464
912,0.4283186,0.4470572,0.124624245
913,0.26017877,0.35079953,0.3890217
914,0.3291101,0.4617076,0.20918232
915,0.32555425,0.37482974,0.29961598
916,0.35594442,0.25318146,0.39087415
917,0.24217524,0.41751313,0.34031162
918,0.3271185,0.3113461,0.3615354
919,0.35790917,0.4462844,0.19580638
920,0.3979443,0.42303005,0.17902562
921,0.42524338,0.26892987,0.30582675
922,0.3014688,0.3233399,0.3751913
923,0.38847584,0.5238508,0.08767341
924,0.38058984,0.3634944,0.25591582
925,0.2867491,0.38492626,0.32832465
926,0.41601384,0.3062799,0.2777062
927,0.44527227,0.44196743,0.112760305
928,0.37362823,0.5075832,0.118788585
929,0.33271563,0.28853288,0.37875152
930,0.41532174,0.35527605,0.22940221
931,0.43363434,0.44220296,0.12416264
932,0.2896604,0.25158837,0.45875126
933,0.34121478,0.39289322,0.26589203
934,0.25231013,0.36819208,0.37949783
935,0.35297066,0.46324825,0.18378104
936,0.37643316,0.3310127,0.2925541
937,0.3076432,0.5368661,0.15549065
938,0.32140192,0.25219277,0.42640528
939,0.3245226,0.30238792,0.3730894
940,0.46320206,0.14494668,0.39185122
941,0.3541335,0.33754042,0.30832607
942,0.40455586,0.24798046,0.34746373
943,0.5031882,0.3116658,0.18514603
944,0.39870462,0.156244,0.44505143
945,0.35515708,0.32919374,0.31564918
946,0.3649245,0.22053517,0.41454032
947,0.33714277,0.32280487,0.3400524
948,0.42313686,0.16734366,0.40951943
949,0.42910326,0.4903772,0.0805196
950,0.35465822,0.31856692,0.32677487
951,0.3869548,0.28778076,0.32526442
952,0.4871719,0.3213664,0.19146171
953,0.34852582,0.29806072,0.35341343
954,0.40666887,0.2508349,0.3424962
955,0.29057986,0.37516305,0.33425707
956,0.3483275,0.18917233,0.46250018
957,0.414991,0.40242046,0.18258853
958,0.36506885,0.46211785,0.17281331
959,0.24044968,0.3679065,0.39164373
960,0.44993153,0.33004233,0.22002614
961,0.38667864,0.22979124,0.38353017
962,0.29749396,0.43437007,0.268136
963,0.37654895,0.32840788,0.29504317
964,0.43626916,0.40821964,0.15551122
965,0.3926643,0.28740492,0.31993076
966,0.37626472,0.15861242,0.4651229
967,0.34447002,0.23900174,0.4165282
968,0.34275302,0.18007152,0.47717538
969,0.472807,0.37416685,0.15302618
970,0.34234634,0.5651407,0.09251297
971,0.33165783,0.37077346,0.2975687
972,0.2842527,0.3095174,0.4062299
973,0.35980475,0.50344914,0.13674606
974,0.30192018,0.3377993,0.3602805
975,0.28006923,0.13472046,0.58521026
976,0.26284865,0.3457543,0.39139712
977,0.38483456,0.1798828,0.43528265
978,0.44123542,0.4426688,0.11609579
979,0.26693943,0.28123388,0.4518267
980,0.35603678,0.44749907,0.19646421
981,0.42470282,0.28613427,0.28916284
982,0.3633968,0.41960403,0.21699914
983,0.24398747,0.24548818,0.51052433
984,0.18622255,0.10375013,0.7100273
985,0.20391043,0.35593933,0.4401502
986,0.21324624,0.42494613,0.36180767
987,0.30773395,0.34950352,0.3427625
988,0.35990933,0.24281909,0.39727154
989,0.41714287,0.41481987,0.16803733
990,0.24996427,0.34115493,0.40888074
991,0.428023,0.19812368,0.37385333
992,0.37621462,0.23785916,0.38592625
993,0.23526052,0.554511,0.21022849
994,0.4510533,0.4329346,0.11601204
995,0.35422927,0.5409798,0.10479096
996,0.4105506,0.3653548,0.22409461
997,0.3821711,0.3229309,0.29489803
998,0.38285568,0.4922339,0.124910414
999,0.40241984,0.41725883,0.18032137
